<?xml version="1.0"?>
<base><Terrain><tileset>terrain\sets\1\tileset</tileset><crosset>terrain\sets\1\crosset</crosset><roadset>terrain\sets\1\roadset</roadset><patches><item size_x="2" size_y="2"/><item start_x="0" start_y="0"><crosses/><roads0/><roads1/><roads2/><roads3/></item><item start_x="16" start_y="0"><crosses/><roads0/><roads1/><roads2/><roads3/></item><item start_x="0" start_y="16"><crosses/><roads0/><roads1/><roads2/><roads3/></item><item start_x="16" start_y="16"><crosses/><roads0/><roads1/><roads2/><roads3/></item></patches><tiles><item size_x="32" size_y="32"/><item>7DFF7BFF78FF78FF73FF72FF70FF75FF76FF7AFF7BFF7BFF7CFF74FF70FF77FF79FF7BFF73FF75FF7BFF78FF76FF7BFF77FF73FF76FF71FF72FF79FF77FF75FF</item><item>77FF77FF73FF77FF76FF70FF7BFF7BFF78FF79FF7BFF7CFF70FF71FF76FF71FF7CFF79FF72FF75FF7AFF7DFF70FF79FF71FF72FF72FF74FF70FF70FF77FF71FF</item><item>7CFF7CFF7DFF75FF70FF72FF77FF7CFF75FF73FF74FF78FF79FF71FF72FF76FF72FF76FF75FF73FF71FF73FF75FF75FF75FF70FF71FF78FF7DFF73FF76FF72FF</item><item>74FF77FF77FF7AFF74FF73FF7DFF7DFF77FF7AFF75FF73FF7AFF75FF74FF71FF7BFF72FF7CFF7AFF7AFF7DFF7AFF72FF79FF7DFF70FF73FF77FF78FF75FF71FF</item><item>79FF77FF75FF7BFF79FF71FF75FF7CFF79FF79FF76FF75FF77FF73FF72FF7BFF74FF7CFF76FF72FF7BFF7AFF7BFF72FF71FF70FF73FF7CFF71FF7BFF7CFF79FF</item><item>7DFF72FF73FF7AFF71FF7DFF7BFF7DFF71FF76FF73FF74FF73FF74FF79FF72FF72FF75FF78FF7AFF71FF7BFF7CFF71FF77FF71FF7AFF7BFF75FF7DFF7BFF78FF</item><item>7CFF7AFF70FF71FF7BFF71FF7AFF70FF71FF7DFF7DFF78FF73FF73FF7DFF7AFF76FF7CFF70FF7AFF74FF7CFF71FF7AFF7BFF7DFF7BFF7CFF7AFF7DFF79FF72FF</item><item>7CFF73FF76FF71FF7AFF75FF77FF70FF72FF7DFF76FF7DFF71FF79FF7BFF7DFF78FF78FF72FF70FF7BFF77FF71FF79FF71FF70FF79FF75FF74FF77FF7AFF75FF</item><item>7BFF72FF79FF77FF78FF7BFF79FF77FF79FF72FF71FF7DFF71FF76FF75FF77FF73FF77FF70FF76FF70FF74FF78FF78FF73FF73FF72FF78FF78FF78FF73FF79FF</item><item>79FF77FF78FF70FF72FF7CFF78FF7AFF78FF7DFF70FF7AFF72FF72FF75FF71FF7CFF7AFF74FF73FF71FF72FF70FF7AFF70FF77FF71FF75FF73FF71FF75FF77FF</item><item>7AFF79FF79FF70FF75FF70FF77FF76FF76FF74FF78FF77FF78FF7AFF71FF73FF7DFF78FF71FF70FF7BFF75FF7DFF7CFF76FF76FF76FF78FF78FF7DFF73FF7DFF</item><item>72FF70FF79FF76FF71FF73FF77FF70FF74FF70FF75FF70FF73FF73FF71FF7BFF74FF79FF75FF76FF75FF7AFF72FF71FF76FF70FF72FF78FF75FF71FF76FF71FF</item><item>70FF7BFF7AFF72FF70FF73FF7DFF76FF76FF70FF7BFF7AFF76FF72FF70FF7CFF77FF70FF70FF71FF74FF72FF74FF78FF71FF73FF73FF77FF77FF70FF73FF74FF</item><item>7DFF70FF71FF79FF71FF7CFF72FF74FF76FF75FF76FF70FF72FF7BFF7CFF7BFF77FF73FF7DFF72FF72FF70FF75FF72FF70FF78FF76FF73FF72FF71FF72FF72FF</item><item>70FF79FF71FF71FF72FF79FF75FF72FF78FF70FF72FF72FF71FF74FF73FF73FF7CFF7BFF71FF74FF7CFF7BFF70FF7DFF74FF70FF7BFF77FF70FF72FF75FF75FF</item><item>7DFF72FF79FF7CFF78FF7BFF7AFF75FF78FF74FF72FF7BFF70FF72FF7AFF71FF76FF75FF78FF72FF79FF74FF76FF7BFF72FF79FF79FF76FF75FF74FF7CFF7CFF</item><item>70FF71FF7BFF7AFF78FF74FF79FF72FF7DFF74FF75FF78FF7CFF72FF75FF77FF7BFF76FF77FF76FF7DFF74FF74FF7DFF73FF73FF72FF75FF79FF72FF7AFF79FF</item><item>70FF7CFF72FF77FF79FF7CFF76FF71FF72FF74FF7BFF70FF77FF77FF72FF79FF76FF70FF78FF73FF70FF74FF71FF72FF76FF7BFF7CFF70FF73FF7CFF70FF75FF</item><item>77FF72FF7DFF76FF70FF77FF7AFF77FF71FF78FF75FF77FF79FF74FF71FF71FF75FF77FF73FF72FF7AFF78FF7BFF74FF7DFF74FF73FF78FF70FF7DFF79FF7BFF</item><item>74FF72FF75FF7DFF73FF7CFF76FF7AFF7DFF70FF74FF7CFF79FF74FF71FF7BFF7CFF75FF74FF72FF74FF79FF78FF73FF79FF7BFF72FF78FF71FF70FF79FF71FF</item><item>73FF70FF72FF73FF71FF73FF7BFF7CFF7CFF7DFF73FF79FF77FF77FF72FF71FF7CFF78FF72FF72FF7AFF71FF72FF72FF72FF79FF77FF70FF7BFF76FF7DFF72FF</item><item>70FF73FF78FF72FF7CFF76FF73FF73FF7AFF7DFF7DFF73FF78FF70FF7BFF73FF75FF74FF70FF70FF7DFF73FF76FF79FF78FF71FF7CFF73FF78FF77FF74FF76FF</item><item>74FF72FF76FF76FF78FF76FF76FF75FF78FF73FF7CFF73FF72FF7AFF7BFF73FF76FF7DFF75FF77FF7AFF7CFF78FF73FF7DFF72FF7CFF7AFF78FF73FF73FF7AFF</item><item>71FF7BFF7CFF79FF70FF75FF78FF72FF7AFF7CFF73FF77FF74FF7DFF76FF70FF70FF78FF75FF7BFF78FF73FF77FF7AFF7CFF75FF71FF71FF70FF75FF78FF7DFF</item><item>70FF74FF7BFF78FF74FF70FF70FF70FF73FF70FF7AFF70FF77FF7BFF78FF7CFF77FF73FF75FF77FF79FF77FF7BFF78FF71FF74FF7BFF7BFF79FF7CFF7DFF71FF</item><item>74FF75FF73FF78FF72FF76FF72FF75FF72FF79FF70FF77FF7AFF71FF76FF73FF74FF78FF72FF73FF77FF78FF7CFF71FF74FF7CFF72FF7BFF7BFF73FF72FF77FF</item><item>79FF77FF75FF77FF78FF7CFF74FF70FF70FF7CFF7CFF7DFF7AFF71FF7DFF78FF76FF71FF70FF77FF70FF71FF78FF7BFF78FF79FF79FF7DFF7DFF70FF78FF73FF</item><item>72FF7CFF77FF7AFF76FF75FF7BFF72FF7CFF77FF77FF7CFF70FF71FF76FF7CFF7BFF75FF7DFF7AFF75FF79FF70FF7DFF7BFF77FF73FF7AFF78FF70FF7AFF7DFF</item><item>7DFF73FF72FF7AFF7BFF76FF77FF7CFF77FF78FF71FF72FF7AFF78FF77FF72FF79FF7AFF7AFF71FF70FF77FF70FF75FF7BFF73FF70FF70FF77FF7AFF75FF73FF</item><item>75FF70FF7CFF76FF79FF76FF79FF72FF73FF7DFF78FF7BFF73FF75FF72FF75FF78FF77FF71FF75FF7DFF73FF70FF7AFF76FF75FF7BFF72FF72FF71FF76FF71FF</item><item>78FF78FF72FF70FF73FF72FF73FF77FF79FF7DFF78FF7DFF73FF76FF70FF76FF72FF71FF77FF7BFF78FF79FF72FF77FF78FF7BFF75FF70FF75FF76FF72FF7CFF</item><item>75FF75FF74FF74FF79FF77FF74FF7CFF70FF73FF70FF70FF7AFF76FF72FF73FF7AFF76FF74FF79FF7CFF79FF7AFF7DFF78FF7DFF7BFF73FF73FF7BFF70FF79FF</item></tiles><vector_roads/></Terrain><Objects><item Direction="57342" Player="0" ScriptID="0" HP="100"><Name>German_Mp40</Name><Position x="1236" y="84.0002" z="0"/></item><item Direction="57342" Player="0" ScriptID="0" HP="100"><Name>German_Mp40</Name><Position x="1237" y="129" z="0"/></item><item Direction="57342" Player="0" ScriptID="0" HP="100"><Name>German_Mp40</Name><Position x="1179" y="87.0002" z="0"/></item><item Direction="57342" Player="0" ScriptID="0" HP="100"><Name>German_Officer</Name><Position x="993" y="29.0003" z="0"/></item><item Direction="57342" Player="0" ScriptID="0" HP="100"><Name>German_Pzb39</Name><Position x="1062" y="34.0003" z="0"/></item><item Direction="57342" Player="0" ScriptID="0" HP="100"><Name>German_Sniper</Name><Position x="797" y="33.0002" z="0"/></item><item Direction="33495" Player="1" ScriptID="0" HP="100"><Name>USSR_Mosin</Name><Position x="27" y="1699" z="0"/></item><item Direction="57342" Player="0" ScriptID="0" HP="100"><Name>German_Mp40</Name><Position x="1331" y="23.0002" z="0"/></item><item Direction="57342" Player="0" ScriptID="0" HP="100"><Name>DryTree</Name><Position x="1033" y="1017" z="0"/></item><item Direction="57342" Player="0" ScriptID="0" HP="100"><Name>German_Mauser</Name><Position x="873" y="33.0003" z="0"/></item><item Direction="31674" Player="1" ScriptID="0" HP="100"><Name>USSR_PD</Name><Position x="995" y="1691" z="0"/></item><item Direction="31674" Player="1" ScriptID="0" HP="100"><Name>USSR_PPSh</Name><Position x="416" y="1700" z="0"/></item><item Direction="57342" Player="1" ScriptID="0" HP="100"><Name>USSR_PTRS</Name><Position x="671" y="2015" z="0"/></item><item Direction="57342" Player="0" ScriptID="0" HP="100"><Name>German_Mp40</Name><Position x="1327" y="83.0002" z="0"/></item><item Direction="28580" Player="1" ScriptID="0" HP="100"><Name>USSR_Sniper</Name><Position x="2008" y="1700" z="0"/></item><item Direction="57342" Player="0" ScriptID="0" HP="100"><Name>German_Mp40</Name><Position x="1291" y="19.0003" z="0"/></item><item Direction="57342" Player="0" ScriptID="0" HP="100"><Name>German_Mp40</Name><Position x="1288" y="80.0002" z="0"/></item><item Direction="57342" Player="0" ScriptID="0" HP="100"><Name>German_Mp40</Name><Position x="932" y="32.0003" z="0"/></item><item Direction="57342" Player="0" ScriptID="0" HP="100"><Name>German_Mp40</Name><Position x="1181" y="33.0002" z="0"/></item><item Direction="57342" Player="0" ScriptID="0" HP="100"><Name>German_Mp40</Name><Position x="1240" y="24.0002" z="0"/></item></Objects></base>
